[
    {"url": "http://testphp.vulnweb.com/artists.php?artist="},
    {"url": "http://testphp.vulnweb.com/listproducts.php?cat="},
    {
        "url": "http://testasp.vulnweb.com/showforum.asp?id=",
        "vendor": "SQLSERVER"
    },
    {
        "url": "http://testasp.vulnweb.com/Login.asp",
        "request": "tfUName=myusername&tfUPass=mypassword'",
        "header": "Cookie: ASPSESSIONIDCQCARQSS=FIRST_REGISTER_USERNAME_THEN_LOGIN_AND_GET_COOKIE_VALUE",
        "requestType": "POST",
        "method": "REQUEST",
        "vendor": "SQLSERVER"
    },
    {
        "url": "http://2018shell2.picoctf.com:28120/answer2.php",
        "request": "debug=0&answer=",
        "requestType": "POST",
        "method": "REQUEST"
    },
    {
        "url": "http://2018shell.picoctf.com:15987/answer2.php",
        "request": "debug=0&answer=",
        "requestType": "POST",
        "method": "REQUEST"
    },
    {"url": "http://www.webscantest.com/datastore/search_get_by_id.php?id="},
    {"url": "http://www.webscantest.com/datastore/search_get_by_name.php?name="},
    {
        "url": "https://hack-me-if-you-can.herokuapp.com/?site=login.php",
        "request": "username=&password=&loggedin=on",
        "requestType": "POST",
        "method": "REQUEST"
    },
    {
        "url": "https://juice-shop.herokuapp.com/rest/products/search?q=",
        "vendor": "SQLITE"
    },
    {
        "url": "http://localhost/DVWA-2.0.1/vulnerabilities/sqli/?id=&Submit=Submit",
        "header": "Cookie: PHPSESSID=LOG_IN_WITH_BROWSER_THEN_GET_COOKIE;security=low;",
        "vendor": "MYSQL"
    },
    {
        "url": "http://localhost/DVWA-2.0.1/vulnerabilities/sqli/",
        "request": "id=&Submit=Submit",
        "requestType": "POST",
        "method": "REQUEST",
        "header": "Cookie: PHPSESSID=LOG_IN_WITH_BROWSER_THEN_GET_COOKIE;security=medium;"
    },
    {
        "url": "http://localhost/bWAPP/sqli_1.php?action=search&title=",
        "header": "Cookie: PHPSESSID=LOG_IN_WITH_BROWSER_THEN_GET_COOKIE; security_level=0;",
        "vendor": "MYSQL"
    },
    {
        "url": "http://localhost/bWAPP/sqli_2.php?movie=1&action=go",
        "header": "Cookie: PHPSESSID=LOG_IN_WITH_BROWSER_THEN_GET_COOKIE; security_level=0;",
        "vendor": "MYSQL"
    },
    {
        "url": "http://localhost/bWAPP/sqli_3.php",
        "request": "login=bee&password=bug&form=submit",
        "requestType": "POST",
        "method": "REQUEST",
        "header": "Cookie: PHPSESSID=LOG_IN_WITH_BROWSER_THEN_GET_COOKIE; security_level=0;",
        "vendor": "MYSQL"
    },
    {
        "url": "http://localhost/bWAPP/sqli_4.php?title=a'&action=search",
        "header": "Cookie: PHPSESSID=LOG_IN_WITH_BROWSER_THEN_GET_COOKIE; security_level=0;",
        "vendor": "MYSQL"
    },
    {
        "url": "http://localhost/bWAPP/sqli_6.php",
        "request": "title=a&action=search",
        "requestType": "POST",
        "method": "REQUEST",
        "header": "Cookie: PHPSESSID=LOG_IN_WITH_BROWSER_THEN_GET_COOKIE; security_level=0;",
        "vendor": "MYSQL"
    },
    {
        "url": "http://localhost/bWAPP/sqli_7.php",
        "request": "entry=a&blog=add",
        "requestType": "POST",
        "method": "REQUEST",
        "header": "Cookie: PHPSESSID=LOG_IN_WITH_BROWSER_THEN_GET_COOKIE; security_level=0;",
        "vendor": "MYSQL"
    },
    {
        "url": "http://localhost/bWAPP/sqli_11.php?title=a'&action=search",
        "header": "Cookie: PHPSESSID=LOG_IN_WITH_BROWSER_THEN_GET_COOKIE; security_level=0;"
    },
    {
        "url": "http://localhost/bWAPP/sqli_16.php",
        "request": "login=bee&password=bug&form=submit",
        "requestType": "POST",
        "method": "REQUEST",
        "header": "Cookie: PHPSESSID=LOG_IN_WITH_BROWSER_THEN_GET_COOKIE; security_level=0;",
        "vendor": "MYSQL"
    },
    {
        "url": "http://localhost/bWAPP/sqli_17.php",
        "method": "HEADER",
        "header": "Cookie: PHPSESSID=LOG_IN_WITH_BROWSER_THEN_GET_COOKIE; security_level=0;\r\nUser-Agent:"
    },
    {"url": "http://localhost_kioptrix-level-12-3,24/gallery/gallery.php?id=1"},
    {
        "url": "http://localhost_kioptrix-level-13-4,25/checklogin.php",
        "request": "myusername=&mypassword=&Submit=",
        "requestType": "POST",
        "method": "REQUEST"
    },
    {
        "url": "http://localhost_pwnos-20-pre-release,34/login.php",
        "request": "email=a&pass=a&submit=a&submitted=a",
        "requestType": "POST",
        "method": "REQUEST"
    },
    {"url": "http://localhost/owaspbricks/content-1/index.php?id=0"},
    {"url": "http://localhost/owaspbricks/content-2/index.php?user=harry"},
    {
        "url": "http://localhost/owaspbricks/content-3/index.php",
        "request": "username=tom&submit=Submit",
        "requestType": "POST",
        "method": "REQUEST"
    },
    {
        "url": "http://localhost/owaspbricks/content-4/",
        "header": "User-Agent:",
        "method": "HEADER"
    },
    {
        "url": "http://localhost/owaspbricks/login-1/index.php",
        "request": "username=a'&passwd=a'&submit=Submit'",
        "requestType": "POST",
        "method": "REQUEST"
    },
    {
        "url": "http://localhost/owaspbricks/login-3/index.php",
        "request": "username=a')*&passwd=a&submit=Submit",
        "requestType": "POST",
        "method": "REQUEST"
    },
    {
        "url": "http://localhost/owaspbricks/login-4/index.php",
        "request": "username=a\")*&passwd=a&submit=Submit",
        "requestType": "POST",
        "method": "REQUEST"
    },
    {
        "url": "http://localhost/owaspbricks/login-5/index.php",
        "request": "username=a'&passwd=a&submit=Submit",
        "requestType": "POST",
        "method": "REQUEST"
    },
    {
        "url": "http://localhost/owaspbricks/login-6/index.php",
        "request": "username=a'&passwd=a&submit=Submit",
        "requestType": "POST",
        "method": "REQUEST"
    },
    {"url": "http://localhost_dc_challenges_dc-3/index.php?option=com_fields&view=fields&layout=modal&list[fullordering]="},
    {"url": "http://localhost_dc_challenges_dc-8/?nid=1"},
    {
        "url": "http://localhost_dc_challenges_dc-9/results.php",
        "request": "search=a'",
        "requestType": "POST",
        "method": "REQUEST"
    },
    {
        "url": "http://localhost_seattle-v03,145/login.php",
        "request": "usr='&pw='&commit=Login",
        "requestType": "POST",
        "method": "REQUEST"
    },
    {"url": "http://localhost/MCIR/sqlol/select.php?sanitization_level=none&sanitization_type=keyword&sanitization_params=&query_results=all_rows&error_level=verbose&inject_string=&location=where_string&submit=Inject"},
    {"url": "http://localhost/MCIR/sqlol/insert.php?sanitization_level=none&sanitization_type=keyword&sanitization_params=&query_results=all_rows&error_level=verbose&inject_string=&location=string_value&submit=Inject"},
    {"url": "http://localhost_pentesterlab_web_for_pentester/sqli/example1.php?name=root'"},
    {"url": "http://localhost_pentesterlab_web_for_pentester/sqli/example2.php?name=root'"},
    {"url": "http://localhost_pentesterlab_web_for_pentester/sqli/example3.php?name=root'"},
    {"url": "http://localhost_pentesterlab_web_for_pentester/sqli/example4.php?name=2"},
    {"url": "http://localhost_pentesterlab_web_for_pentester/sqli/example5.php?name=2"},
    {"url": "http://localhost_pentesterlab_web_for_pentester/sqli/example6.php?name=2+*1"},
    {"url": "http://localhost_pentesterlab_web_for_pentester/sqli/example7.php?name=2%0a*"},
    {"url": "http://localhost_pentesterlab_web_for_pentester/sqli/example8.php?order=id`"},
    {"url": "http://localhost_pentesterlab_web_for_pentester/sqli/example9.php?order=name"},
    {"url": "http://localhost_pentesterlab_web_for_pentester_II/sqlinjection/example1/?username=&password="},
    {"url": "http://localhost_pentesterlab_web_for_pentester_II/sqlinjection/example2/?username=&password="},
    {"url": "http://localhost_pentesterlab_web_for_pentester_II/sqlinjection/example3/?username=\\&password= or 1=1 %23"},
    {"url": "http://localhost_pentesterlab_web_for_pentester_II/sqlinjection/example4/?req=username%3d'hacker'"},
    {"url": "http://localhost_pentesterlab_web_for_pentester_II/sqlinjection/example5/?limit=3"},
    {"url": "http://localhost_pentesterlab_web_for_pentester_II/sqlinjection/example6/?group=username"},
    {"url": "http://localhost_pentesterlab_web_for_pentester_II/sqlinjection/example7/?id=1"},
    {"url": "http://localhost_pentesterlab_web_for_pentester_II/sqlinjection/example9/?username=%bf%27&password=%bf%27"},
    {"url": "http://localhost_pentesterlab_from_sqli_to_shell/cat?id="},
    {"url": "http://localhost_pentesterlab_from_sqli_to_shell_pg_edition/cat?id="},
    {
        "url": "http://localhost_pentesterlab_from_sqli_to_shell_II/cat?id=1",
        "method": "HEADER",
        "header": "X-Forwarded-For: 1'"
    },
    {
        "url": "http://localhost_hack_dot_me_lyrics-app/api.php?id=2",
        "header": "Cookie: PHPSESSID=LOG_IN_WITH_BROWSER_GUEST_GUEST_THEN_GET_COOKIE"
    },
    {
        "url": "http://localhost_lampsecurity_ctf4/admin/index.php",
        "request": "username=&password=",
        "requestType": "POST",
        "method": "REQUEST"
    },
    {
        "url": "http://localhost_lampsecurity_ctf5/list/",
        "request": "name=&email=&phone=&org=",
        "requestType": "POST",
        "method": "REQUEST"
    },
    {
        "url": "http://localhost_lampsecurity_ctf6/?action=login",
        "request": "username=&password=",
        "requestType": "POST",
        "method": "REQUEST"
    },
    {
        "url": "http://localhost_lampsecurity_ctf7/recovery",
        "request": "email=&realname=",
        "requestType": "POST",
        "method": "REQUEST"
    }
]